タイトル (title),販売プラットフォーム (platform),非アフィURL (direct),アフィリエイトURL
T.M.Revolution DVD Series The Summary -summarize 1-,sony_music,https://www.sonymusicshop.jp/m/item/itemShw.php?site=S&ima=5109&cd=ESBL000002123,https://click.linksynergy.com/deeplink?id=EXVoB1EGCCU&mid=2438&murl=https%3A%2F%2Fwww.sonymusicshop.jp%2Fm%2Fitem%2FitemShw.php%3Fsite%3DS%26ima%3D5109%26cd%3DESBL000002123
T.M.Revolution DVD Series The Summary -summarize 2-,sony_music,https://www.sonymusicshop.jp/m/item/itemShw.php?site=S&ima=4657&cd=ESBL000002124,https://click.linksynergy.com/deeplink?id=EXVoB1EGCCU&mid=2438&murl=https%3A%2F%2Fwww.sonymusicshop.jp%2Fm%2Fitem%2FitemShw.php%3Fsite%3DS%26ima%3D4657%26cd%3DESBL000002124
T.M.Revolution DVD Series The Summary -summarize 3-,sony_music,https://www.sonymusicshop.jp/m/item/itemShw.php?site=S&ima=4657&cd=ESBL000002125,https://click.linksynergy.com/deeplink?id=EXVoB1EGCCU&mid=2438&murl=https%3A%2F%2Fwww.sonymusicshop.jp%2Fm%2Fitem%2FitemShw.php%3Fsite%3DS%26ima%3D4657%26cd%3DESBL000002125
T.M.Revolution DVD Series The Summary -summarize 4-,sony_music,https://www.sonymusicshop.jp/m/item/itemShw.php?site=S&ima=5109&cd=ESBL000002126,https://click.linksynergy.com/deeplink?id=EXVoB1EGCCU&mid=2438&murl=https%3A%2F%2Fwww.sonymusicshop.jp%2Fm%2Fitem%2FitemShw.php%3Fsite%3DS%26ima%3D5109%26cd%3DESBL000002126
T.M.Revolution 0001,sony_music,https://www.sonymusicshop.jp/m/item/itemShw.php?site=S&ima=5109&cd=ESBL000002121,https://click.linksynergy.com/deeplink?id=EXVoB1EGCCU&mid=2438&murl=https%3A%2F%2Fwww.sonymusicshop.jp%2Fm%2Fitem%2FitemShw.php%3Fsite%3DS%26ima%3D5109%26cd%3DESBL000002121
T.M.R. LIVE REVOLUTION '02 B★E★S★T SUMMER CRUSH 2002,sony_music,https://www.sonymusicshop.jp/m/item/itemShw.php?site=S&ima=4657&cd=ESBL000002217,https://click.linksynergy.com/deeplink?id=EXVoB1EGCCU&mid=2438&murl=https%3A%2F%2Fwww.sonymusicshop.jp%2Fm%2Fitem%2FitemShw.php%3Fsite%3DS%26ima%3D4657%26cd%3DESBL000002217
SONIC WARP the Visual Fields,sony_music,https://www.sonymusicshop.jp/m/item/itemShw.php?site=S&ima=5109&cd=ESBL000002105,https://click.linksynergy.com/deeplink?id=EXVoB1EGCCU&mid=2438&murl=https%3A%2F%2Fwww.sonymusicshop.jp%2Fm%2Fitem%2FitemShw.php%3Fsite%3DS%26ima%3D5109%26cd%3DESBL000002105
T.M.Revolution SEVENTH HEAVEN T.M.R. LIVE REVOLUTION'04,sony_music,https://www.sonymusicshop.jp/m/item/itemShw.php?site=S&ima=4657&cd=ESBL000002178,https://click.linksynergy.com/deeplink?id=EXVoB1EGCCU&mid=2438&murl=https%3A%2F%2Fwww.sonymusicshop.jp%2Fm%2Fitem%2FitemShw.php%3Fsite%3DS%26ima%3D4657%26cd%3DESBL000002178
T.M.R. LIVE REVOLUTION '06 -UNDER:COVER-,sony_music,https://www.sonymusicshop.jp/m/item/itemShw.php?site=S&ima=4657&cd=ESXL000000003,https://click.linksynergy.com/deeplink?id=EXVoB1EGCCU&mid=2438&murl=https%3A%2F%2Fwww.sonymusicshop.jp%2Fm%2Fitem%2FitemShw.php%3Fsite%3DS%26ima%3D4657%26cd%3DESXL000000003
UNDER:COVER,sony_music,https://www.sonymusicshop.jp/m/item/itemShw.php?site=S&ima=4657&cd=ESCL000002757,https://click.linksynergy.com/deeplink?id=EXVoB1EGCCU&mid=2438&murl=https%3A%2F%2Fwww.sonymusicshop.jp%2Fm%2Fitem%2FitemShw.php%3Fsite%3DS%26ima%3D4657%26cd%3DESCL000002757
T.M.R. LIVE REVOLUTION'11-12 -CLOUD NINE-,sony_music,https://www.sonymusicshop.jp/m/item/itemShw.php?site=S&ima=3845&cd=ESCL000003910,https://click.linksynergy.com/deeplink?id=EXVoB1EGCCU&mid=2438&murl=https%3A%2F%2Fwww.sonymusicshop.jp%2Fm%2Fitem%2FitemShw.php%3Fsite%3DS%26ima%3D3845%26cd%3DESCL000003910
CLOUD NINE【初回生産限定盤/type-A】,sony_music,https://www.sonymusicshop.jp/m/item/itemShw.php?site=S&ima=3845&cd=ESCL000003638,https://click.linksynergy.com/deeplink?id=EXVoB1EGCCU&mid=2438&murl=https%3A%2F%2Fwww.sonymusicshop.jp%2Fm%2Fitem%2FitemShw.php%3Fsite%3DS%26ima%3D3845%26cd%3DESCL000003638
T.M.R. LIVE REVOLUTION '12 -15th Anniversary FINAL-,sony_music,https://www.sonymusicshop.jp/m/item/itemShw.php?site=S&ima=3845&cd=ESXL000000030,https://click.linksynergy.com/deeplink?id=EXVoB1EGCCU&mid=2438&murl=https%3A%2F%2Fwww.sonymusicshop.jp%2Fm%2Fitem%2FitemShw.php%3Fsite%3DS%26ima%3D3845%26cd%3DESXL000000030
T.M.R. LIVE REVOLUTION'13 -UNDER II COVER-,sony_music,https://www.sonymusicshop.jp/m/item/itemShw.php?site=S&ima=3845&cd=ESXL000000040,https://click.linksynergy.com/deeplink?id=EXVoB1EGCCU&mid=2438&murl=https%3A%2F%2Fwww.sonymusicshop.jp%2Fm%2Fitem%2FitemShw.php%3Fsite%3DS%26ima%3D3845%26cd%3DESXL000000040
DOUBLE-DEAL完全生産限定盤A,sony_music,https://www.sonymusicshop.jp/m/item/itemShw.php?site=S&ima=3454&cd=ESCL000004490,https://click.linksynergy.com/deeplink?id=EXVoB1EGCCU&mid=2438&murl=https%3A%2F%2Fwww.sonymusicshop.jp%2Fm%2Fitem%2FitemShw.php%3Fsite%3DS%26ima%3D3454%26cd%3DESCL000004490
T.M.R. LIVE REVOLUTION'16-'17 -Route 20- LIVE AT NIPPON BUDOKAN,sony_music,https://www.sonymusicshop.jp/m/item/itemShw.php?site=S&ima=3454&cd=ESBL000002493,https://click.linksynergy.com/deeplink?id=EXVoB1EGCCU&mid=2438&murl=https%3A%2F%2Fwww.sonymusicshop.jp%2Fm%2Fitem%2FitemShw.php%3Fsite%3DS%26ima%3D3454%26cd%3DESBL000002493
T.M.R. LIVE REVOLUTION'17 -ROUND HOUSE CUTBACK-,sony_music,https://www.sonymusicshop.jp/m/item/itemShw.php?site=S&ima=3454&cd=ESCL000004986,https://click.linksynergy.com/deeplink?id=EXVoB1EGCCU&mid=2438&murl=https%3A%2F%2Fwww.sonymusicshop.jp%2Fm%2Fitem%2FitemShw.php%3Fsite%3DS%26ima%3D3454%26cd%3DESCL000004986
T.M.R. LIVE REVOLUTION '17 -20th Anniversary FINAL at Saitama Super Arena-,sony_music,https://www.sonymusicshop.jp/m/item/itemShw.php?site=S&ima=3454&cd=ESBL000002516,https://click.linksynergy.com/deeplink?id=EXVoB1EGCCU&mid=2438&murl=https%3A%2F%2Fwww.sonymusicshop.jp%2Fm%2Fitem%2FitemShw.php%3Fsite%3DS%26ima%3D3454%26cd%3DESBL000002516
T.M.R. LIVE REVOLUTION'22-'23 -VOTE JAPAN-,sony_music,https://www.sonymusicshop.jp/m/item/itemShw.php?site=S&ima=3454&cd=ESXL000000294,https://click.linksynergy.com/deeplink?id=EXVoB1EGCCU&mid=2438&murl=https%3A%2F%2Fwww.sonymusicshop.jp%2Fm%2Fitem%2FitemShw.php%3Fsite%3DS%26ima%3D3454%26cd%3DESXL000000294
