タイトル (title),非アフィURL (direct),アフィリエイトURL
T.M.Revolution DVD Series The Summary -summarize 1-,https://www.mercari.com/jp/search/?keyword=T.M.Revolution+DVD+Series+The+Summary,https://jp.mercari.com/search?afid=5644471006&keyword=T.M.Revolution+DVD+Series+The+Summary
T.M.Revolution DVD Series The Summary -summarize 2-,https://www.mercari.com/jp/search/?keyword=T.M.Revolution+DVD+Series+The+Summary,https://jp.mercari.com/search?afid=5644471006&keyword=T.M.Revolution+DVD+Series+The+Summary
T.M.Revolution DVD Series The Summary -summarize 3-,https://www.mercari.com/jp/search/?keyword=T.M.Revolution+DVD+Series+The+Summary,https://jp.mercari.com/search?afid=5644471006&keyword=T.M.Revolution+DVD+Series+The+Summary
T.M.Revolution DVD Series The Summary -summarize 4-,https://www.mercari.com/jp/search/?keyword=T.M.Revolution+DVD+Series+The+Summary,https://jp.mercari.com/search?afid=5644471006&keyword=T.M.Revolution+DVD+Series+The+Summary
LIVE REVOLUTION COMPLETE EDITION-1 1996.3.22 新宿LIQUID ROOM,https://www.mercari.com/jp/search/?keyword=T.M.Revolution+LIVE+REVOLUTION+COMPLETE+EDITION,https://jp.mercari.com/search?afid=5644471006&keyword=T.M.Revolution+LIVE+REVOLUTION+COMPLETE+EDITION
LIVE REVOLUTION COMPLETE EDITION-2 1996.6.6 赤坂BLITZ,https://www.mercari.com/jp/search/?keyword=T.M.Revolution+LIVE+REVOLUTION+COMPLETE+EDITION,https://jp.mercari.com/search?afid=5644471006&keyword=T.M.Revolution+LIVE+REVOLUTION+COMPLETE+EDITION
LIVE REVOLUTION COMPLETE EDITION-3 1996.8.29 中野サンプラザ,https://www.mercari.com/jp/search/?keyword=T.M.Revolution+LIVE+REVOLUTION+COMPLETE+EDITION,https://jp.mercari.com/search?afid=5644471006&keyword=T.M.Revolution+LIVE+REVOLUTION+COMPLETE+EDITION
the end of genesis T.M.R. evolution turbo type D LIVE ARENA 2000 A.D. Special DVD Version,https://www.mercari.com/jp/search/?keyword=the+end+of+genesis+T.M.R.+evolution+turbo+type+D+LIVE+ARENA+2000,https://jp.mercari.com/search?afid=5644471006&keyword=the+end+of+genesis+T.M.R.+evolution+turbo+type+D+LIVE+ARENA+2000
T.M.Revolution 0001,https://jp.mercari.com/search?keyword=T.M.Revolution+0001,https://jp.mercari.com/search?afid=5644471006&keyword=T.M.Revolution+0001
T.M.R. LIVE REVOLUTION '02 B★E★S★T SUMMER CRUSH 2002,https://jp.mercari.com/search?keyword=T.M.R.+LIVE+REVOLUTION+'02+B★E★S★T+SUMMER+CRUSH+2002,https://jp.mercari.com/search?afid=5644471006&keyword=T.M.R.+LIVE+REVOLUTION+%2702+B%E2%98%85E%E2%98%85S%E2%98%85T+SUMMER+CRUSH+2002
SONIC WARP the Visual Fields,https://www.mercari.com/jp/search/?keyword=T.M.Revolution+SONIC+WARP,https://jp.mercari.com/search?afid=5644471006&keyword=T.M.Revolution+SONIC+WARP
T.M.Revolution SEVENTH HEAVEN T.M.R. LIVE REVOLUTION'04,https://jp.mercari.com/search?keyword=T.M.Revolution+SEVENTH+HEAVEN+T.M.R.+LIVE+REVOLUTION'04,https://jp.mercari.com/search?afid=5644471006&keyword=T.M.Revolution+SEVENTH+HEAVEN+T.M.R.+LIVE+REVOLUTION%2704
T.M.R. LIVE REVOLUTION '06 -UNDER:COVER-,https://www.mercari.com/jp/search/?keyword=T.M.Revolution+T.M.R.+LIVE+REVOLUTION+06+UNDER+COVER,https://jp.mercari.com/search?afid=5644471006&keyword=T.M.Revolution+T.M.R.+LIVE+REVOLUTION+06+UNDER+COVER
UNDER:COVER,https://www.mercari.com/jp/search/?keyword=T.M.Revolution+UNDER+COVER,https://jp.mercari.com/search?afid=5644471006&keyword=T.M.Revolution+UNDER+COVER
T.M.R. LIVE REVOLUTION'11-12 -CLOUD NINE-,https://www.mercari.com/jp/search/?keyword=T.M.Revolution+CLOUD+NINE,https://jp.mercari.com/search?afid=5644471006&keyword=T.M.Revolution+CLOUD+NINE
CLOUD NINE【初回生産限定盤/type-A】,https://www.mercari.com/jp/search/?keyword=T.M.Revolution+CLOUD+NINE,https://jp.mercari.com/search?afid=5644471006&keyword=T.M.Revolution+CLOUD+NINE
T.M.R. LIVE REVOLUTION '12 -15th Anniversary FINAL-,https://www.mercari.com/jp/search/?keyword=T.M.Revolution+T.M.R.+LIVE+REVOLUTION+12+15th+Anniversary+FINAL,https://jp.mercari.com/search?afid=5644471006&keyword=T.M.Revolution+T.M.R.+LIVE+REVOLUTION+12+15th+Anniversary+FINAL
T.M.R. LIVE REVOLUTION'13 -UNDER II COVER-,https://www.mercari.com/jp/search/?keyword=T.M.Revolution+T.M.R.+LIVE+REVOLUTION+13+UNDER+II+COVER,https://jp.mercari.com/search?afid=5644471006&keyword=T.M.Revolution+T.M.R.+LIVE+REVOLUTION+13+UNDER+II+COVER
T.M.R. LIVE REVOLUTION'14 -今まで『今年は単独LIVEはやらねぇ！』的なニュアンスの話をしてたけど、何か急にFC限定でもLIVEやりたくなっちゃって…違う！違う！そうぢゃ…そうぢゃない！『平日の夜でも、どうせ呼べば来るんだろ？』みたいな、“都合のいいオンナ”的な扱いなわけじゃないよ！ただ、今夜はどうしてもお前が抱きたくなっただけ…'14-,https://www.mercari.com/jp/search/?keyword=T.M.Revolution+T.M.R.+LIVE+REVOLUTION+14,https://jp.mercari.com/search?afid=5644471006&keyword=T.M.Revolution+T.M.R.+LIVE+REVOLUTION+14
DOUBLE-DEAL完全生産限定盤A,https://www.mercari.com/jp/search/?keyword=T.M.Revolution+DOUBLE-DEAL+%E5%AE%8C%E5%85%A8%E7%94%9F%E7%94%A3%E9%99%90%E5%AE%9A%E7%9B%A4A,https://jp.mercari.com/search?afid=5644471006&keyword=T.M.Revolution+DOUBLE-DEAL+%E5%AE%8C%E5%85%A8%E7%94%9F%E7%94%A3%E9%99%90%E5%AE%9A%E7%9B%A4A
T.M.R. LIVE REVOLUTION '15 -Strikes Back XI-,https://www.mercari.com/jp/search/?keyword=T.M.Revolution+T.M.R.+LIVE+REVOLUTION+15+Strikes+Back,https://jp.mercari.com/search?afid=5644471006&keyword=T.M.Revolution+T.M.R.+LIVE+REVOLUTION+15+Strikes+Back
T.M.R. LIVE REVOLUTION'16-'17 -Route 20- LIVE AT NIPPON BUDOKAN,https://jp.mercari.com/search?keyword=T.M.Revolution%20LIVE%20REVOLUTION%20Route%2020,https://jp.mercari.com/search?afid=5644471006&keyword=T.M.Revolution+LIVE+REVOLUTION+Route+20
T.M.R. LIVE REVOLUTION'17 -ROUND HOUSE CUTBACK-,https://www.mercari.com/jp/search/?keyword=T.M.Revolution+T.M.R.+LIVE+REVOLUTION+17+ROUND+HOUSE+CUTBACK,https://jp.mercari.com/search?afid=5644471006&keyword=T.M.Revolution+T.M.R.+LIVE+REVOLUTION+17+ROUND+HOUSE+CUTBACK
T.M.R. LIVE REVOLUTION '17 -20th Anniversary FINAL at Saitama Super Arena-,https://www.mercari.com/jp/search/?keyword=T.M.Revolution+T.M.R.+LIVE+REVOLUTION+17+20th+Anniversary+FINAL,https://jp.mercari.com/search?afid=5644471006&keyword=T.M.Revolution+T.M.R.+LIVE+REVOLUTION+17+20th+Anniversary+FINAL
T.M.R. LIVE REVOLUTION'22-'23 -VOTE JAPAN-,https://jp.mercari.com/search?keyword=T.M.Revolution%20LIVE%20REVOLUTION%20VOTE%20JAPAN,https://jp.mercari.com/search?afid=5644471006&keyword=T.M.Revolution+LIVE+REVOLUTION+VOTE+JAPAN
