非アフィURL (direct),タイトル (title),アフィリエイトリンク
https://books.rakuten.co.jp/search?g=000&sitem=T.M.Revolution+DVD+Series+The+Summary,T.M.Revolution DVD Series The Summary -summarize 1-,"<a href=""//af.moshimo.com/af/c/click?a_id=5073190&p_id=56&pc_id=56&pl_id=637&url=https%3A%2F%2Fbooks.rakuten.co.jp%2Fsearch%3Fg%3D000%26sitem%3DT.M.Revolution%2BDVD%2BSeries%2BThe%2BSummary"" rel=""nofollow"" referrerpolicy=""no-referrer-when-downgrade"" attributionsrc>T.M.Revolution DVD Series The Summary -summarize 1-</a><img src=""//i.moshimo.com/af/i/impression?a_id=5073190&p_id=56&pc_id=56&pl_id=637"" width=""1"" height=""1"" style=""border:none;"" alt="""" loading=""lazy"">"
https://books.rakuten.co.jp/search?g=000&sitem=T.M.Revolution+DVD+Series+The+Summary,T.M.Revolution DVD Series The Summary -summarize 2-,"<a href=""//af.moshimo.com/af/c/click?a_id=5073190&p_id=56&pc_id=56&pl_id=637&url=https%3A%2F%2Fbooks.rakuten.co.jp%2Fsearch%3Fg%3D000%26sitem%3DT.M.Revolution%2BDVD%2BSeries%2BThe%2BSummary"" rel=""nofollow"" referrerpolicy=""no-referrer-when-downgrade"" attributionsrc>T.M.Revolution DVD Series The Summary -summarize 2-</a><img src=""//i.moshimo.com/af/i/impression?a_id=5073190&p_id=56&pc_id=56&pl_id=637"" width=""1"" height=""1"" style=""border:none;"" alt="""" loading=""lazy"">"
https://books.rakuten.co.jp/search?g=000&sitem=T.M.Revolution+DVD+Series+The+Summary,T.M.Revolution DVD Series The Summary -summarize 3-,"<a href=""//af.moshimo.com/af/c/click?a_id=5073190&p_id=56&pc_id=56&pl_id=637&url=https%3A%2F%2Fbooks.rakuten.co.jp%2Fsearch%3Fg%3D000%26sitem%3DT.M.Revolution%2BDVD%2BSeries%2BThe%2BSummary"" rel=""nofollow"" referrerpolicy=""no-referrer-when-downgrade"" attributionsrc>T.M.Revolution DVD Series The Summary -summarize 3-</a><img src=""//i.moshimo.com/af/i/impression?a_id=5073190&p_id=56&pc_id=56&pl_id=637"" width=""1"" height=""1"" style=""border:none;"" alt="""" loading=""lazy"">"
https://books.rakuten.co.jp/search?g=000&sitem=T.M.Revolution+DVD+Series+The+Summary,T.M.Revolution DVD Series The Summary -summarize 4-,"<a href=""//af.moshimo.com/af/c/click?a_id=5073190&p_id=56&pc_id=56&pl_id=637&url=https%3A%2F%2Fbooks.rakuten.co.jp%2Fsearch%3Fg%3D000%26sitem%3DT.M.Revolution%2BDVD%2BSeries%2BThe%2BSummary"" rel=""nofollow"" referrerpolicy=""no-referrer-when-downgrade"" attributionsrc>T.M.Revolution DVD Series The Summary -summarize 4-</a><img src=""//i.moshimo.com/af/i/impression?a_id=5073190&p_id=56&pc_id=56&pl_id=637"" width=""1"" height=""1"" style=""border:none;"" alt="""" loading=""lazy"">"
https://books.rakuten.co.jp/search?g=000&sitem=T.M.Revolution+LIVE+REVOLUTION+COMPLETE+EDITION,LIVE REVOLUTION COMPLETE EDITION-1 1996.3.22 新宿LIQUID ROOM,"<a href=""//af.moshimo.com/af/c/click?a_id=5073190&p_id=56&pc_id=56&pl_id=637&url=https%3A%2F%2Fbooks.rakuten.co.jp%2Fsearch%3Fg%3D000%26sitem%3DT.M.Revolution%2BLIVE%2BREVOLUTION%2BCOMPLETE%2BEDITION"" rel=""nofollow"" referrerpolicy=""no-referrer-when-downgrade"" attributionsrc>LIVE REVOLUTION COMPLETE EDITION-1 1996.3.22 新宿LIQUID ROOM</a><img src=""//i.moshimo.com/af/i/impression?a_id=5073190&p_id=56&pc_id=56&pl_id=637"" width=""1"" height=""1"" style=""border:none;"" alt="""" loading=""lazy"">"
https://books.rakuten.co.jp/search?g=000&sitem=T.M.Revolution+LIVE+REVOLUTION+COMPLETE+EDITION,LIVE REVOLUTION COMPLETE EDITION-2 1996.6.6 赤坂BLITZ,"<a href=""//af.moshimo.com/af/c/click?a_id=5073190&p_id=56&pc_id=56&pl_id=637&url=https%3A%2F%2Fbooks.rakuten.co.jp%2Fsearch%3Fg%3D000%26sitem%3DT.M.Revolution%2BLIVE%2BREVOLUTION%2BCOMPLETE%2BEDITION"" rel=""nofollow"" referrerpolicy=""no-referrer-when-downgrade"" attributionsrc>LIVE REVOLUTION COMPLETE EDITION-2 1996.6.6 赤坂BLITZ</a><img src=""//i.moshimo.com/af/i/impression?a_id=5073190&p_id=56&pc_id=56&pl_id=637"" width=""1"" height=""1"" style=""border:none;"" alt="""" loading=""lazy"">"
https://books.rakuten.co.jp/search?g=000&sitem=T.M.Revolution+LIVE+REVOLUTION+COMPLETE+EDITION,LIVE REVOLUTION COMPLETE EDITION-3 1996.8.29 中野サンプラザ,"<a href=""//af.moshimo.com/af/c/click?a_id=5073190&p_id=56&pc_id=56&pl_id=637&url=https%3A%2F%2Fbooks.rakuten.co.jp%2Fsearch%3Fg%3D000%26sitem%3DT.M.Revolution%2BLIVE%2BREVOLUTION%2BCOMPLETE%2BEDITION"" rel=""nofollow"" referrerpolicy=""no-referrer-when-downgrade"" attributionsrc>LIVE REVOLUTION COMPLETE EDITION-3 1996.8.29 中野サンプラザ</a><img src=""//i.moshimo.com/af/i/impression?a_id=5073190&p_id=56&pc_id=56&pl_id=637"" width=""1"" height=""1"" style=""border:none;"" alt="""" loading=""lazy"">"
https://books.rakuten.co.jp/search?g=000&sitem=the+end+of+genesis+T.M.R.+evolution+turbo+type+D+LIVE+ARENA+2000,the end of genesis T.M.R. evolution turbo type D LIVE ARENA 2000 A.D. Special DVD Version,"<a href=""//af.moshimo.com/af/c/click?a_id=5073190&p_id=56&pc_id=56&pl_id=637&url=https%3A%2F%2Fbooks.rakuten.co.jp%2Fsearch%3Fg%3D000%26sitem%3Dthe%2Bend%2Bof%2Bgenesis%2BT.M.R.%2Bevolution%2Bturbo%2Btype%2BD%2BLIVE%2BARENA%2B2000"" rel=""nofollow"" referrerpolicy=""no-referrer-when-downgrade"" attributionsrc>the end of genesis T.M.R. evolution turbo type D LIVE ARENA 2000 A.D. Special DVD Version</a><img src=""//i.moshimo.com/af/i/impression?a_id=5073190&p_id=56&pc_id=56&pl_id=637"" width=""1"" height=""1"" style=""border:none;"" alt="""" loading=""lazy"">"
https://books.rakuten.co.jp/search?sitem=T.M.Revolution+0001,T.M.Revolution 0001,"<a href=""//af.moshimo.com/af/c/click?a_id=5073190&p_id=56&pc_id=56&pl_id=637&url=https%3A%2F%2Fbooks.rakuten.co.jp%2Fsearch%3Fsitem%3DT.M.Revolution%2B0001"" rel=""nofollow"" referrerpolicy=""no-referrer-when-downgrade"" attributionsrc>T.M.Revolution 0001</a><img src=""//i.moshimo.com/af/i/impression?a_id=5073190&p_id=56&pc_id=56&pl_id=637"" width=""1"" height=""1"" style=""border:none;"" alt="""" loading=""lazy"">"
https://books.rakuten.co.jp/search?sitem=T.M.R.+LIVE+REVOLUTION+'02+B★E★S★T+SUMMER+CRUSH+2002,T.M.R. LIVE REVOLUTION '02 B★E★S★T SUMMER CRUSH 2002,"<a href=""//af.moshimo.com/af/c/click?a_id=5073190&p_id=56&pc_id=56&pl_id=637&url=https%3A%2F%2Fbooks.rakuten.co.jp%2Fsearch%3Fsitem%3DT.M.R.%2BLIVE%2BREVOLUTION%2B'02%2BB%25E2%2598%2585E%25E2%2598%2585S%25E2%2598%2585T%2BSUMMER%2BCRUSH%2B2002"" rel=""nofollow"" referrerpolicy=""no-referrer-when-downgrade"" attributionsrc>T.M.R. LIVE REVOLUTION &#39;02 B★E★S★T SUMMER CRUSH 2002</a><img src=""//i.moshimo.com/af/i/impression?a_id=5073190&p_id=56&pc_id=56&pl_id=637"" width=""1"" height=""1"" style=""border:none;"" alt="""" loading=""lazy"">"
https://books.rakuten.co.jp/search?g=000&sitem=T.M.Revolution+SONIC+WARP,SONIC WARP the Visual Fields,"<a href=""//af.moshimo.com/af/c/click?a_id=5073190&p_id=56&pc_id=56&pl_id=637&url=https%3A%2F%2Fbooks.rakuten.co.jp%2Fsearch%3Fg%3D000%26sitem%3DT.M.Revolution%2BSONIC%2BWARP"" rel=""nofollow"" referrerpolicy=""no-referrer-when-downgrade"" attributionsrc>SONIC WARP the Visual Fields</a><img src=""//i.moshimo.com/af/i/impression?a_id=5073190&p_id=56&pc_id=56&pl_id=637"" width=""1"" height=""1"" style=""border:none;"" alt="""" loading=""lazy"">"
https://books.rakuten.co.jp/search?sitem=T.M.Revolution+SEVENTH+HEAVEN+T.M.R.+LIVE+REVOLUTION'04,T.M.Revolution SEVENTH HEAVEN T.M.R. LIVE REVOLUTION'04,"<a href=""//af.moshimo.com/af/c/click?a_id=5073190&p_id=56&pc_id=56&pl_id=637&url=https%3A%2F%2Fbooks.rakuten.co.jp%2Fsearch%3Fsitem%3DT.M.Revolution%2BSEVENTH%2BHEAVEN%2BT.M.R.%2BLIVE%2BREVOLUTION'04"" rel=""nofollow"" referrerpolicy=""no-referrer-when-downgrade"" attributionsrc>T.M.Revolution SEVENTH HEAVEN T.M.R. LIVE REVOLUTION&#39;04</a><img src=""//i.moshimo.com/af/i/impression?a_id=5073190&p_id=56&pc_id=56&pl_id=637"" width=""1"" height=""1"" style=""border:none;"" alt="""" loading=""lazy"">"
https://books.rakuten.co.jp/search?g=000&sitem=T.M.Revolution+T.M.R.+LIVE+REVOLUTION+06+UNDER+COVER,T.M.R. LIVE REVOLUTION '06 -UNDER:COVER-,"<a href=""//af.moshimo.com/af/c/click?a_id=5073190&p_id=56&pc_id=56&pl_id=637&url=https%3A%2F%2Fbooks.rakuten.co.jp%2Fsearch%3Fg%3D000%26sitem%3DT.M.Revolution%2BT.M.R.%2BLIVE%2BREVOLUTION%2B06%2BUNDER%2BCOVER"" rel=""nofollow"" referrerpolicy=""no-referrer-when-downgrade"" attributionsrc>T.M.R. LIVE REVOLUTION &#39;06 -UNDER:COVER-</a><img src=""//i.moshimo.com/af/i/impression?a_id=5073190&p_id=56&pc_id=56&pl_id=637"" width=""1"" height=""1"" style=""border:none;"" alt="""" loading=""lazy"">"
https://books.rakuten.co.jp/search?g=000&sitem=T.M.Revolution+UNDER+COVER,UNDER:COVER,"<a href=""//af.moshimo.com/af/c/click?a_id=5073190&p_id=56&pc_id=56&pl_id=637&url=https%3A%2F%2Fbooks.rakuten.co.jp%2Fsearch%3Fg%3D000%26sitem%3DT.M.Revolution%2BUNDER%2BCOVER"" rel=""nofollow"" referrerpolicy=""no-referrer-when-downgrade"" attributionsrc>UNDER:COVER</a><img src=""//i.moshimo.com/af/i/impression?a_id=5073190&p_id=56&pc_id=56&pl_id=637"" width=""1"" height=""1"" style=""border:none;"" alt="""" loading=""lazy"">"
https://books.rakuten.co.jp/search?g=000&sitem=T.M.Revolution+T.M.R.+LIVE+REVOLUTION+11-12+CLOUD+NINE,T.M.R. LIVE REVOLUTION'11-12 -CLOUD NINE-,"<a href=""//af.moshimo.com/af/c/click?a_id=5073190&p_id=56&pc_id=56&pl_id=637&url=https%3A%2F%2Fbooks.rakuten.co.jp%2Fsearch%3Fg%3D000%26sitem%3DT.M.Revolution%2BT.M.R.%2BLIVE%2BREVOLUTION%2B11-12%2BCLOUD%2BNINE"" rel=""nofollow"" referrerpolicy=""no-referrer-when-downgrade"" attributionsrc>T.M.R. LIVE REVOLUTION&#39;11-12 -CLOUD NINE-</a><img src=""//i.moshimo.com/af/i/impression?a_id=5073190&p_id=56&pc_id=56&pl_id=637"" width=""1"" height=""1"" style=""border:none;"" alt="""" loading=""lazy"">"
https://books.rakuten.co.jp/search?g=000&sitem=T.M.Revolution+CLOUD+NINE,CLOUD NINE【初回生産限定盤/type-A】,"<a href=""//af.moshimo.com/af/c/click?a_id=5073190&p_id=56&pc_id=56&pl_id=637&url=https%3A%2F%2Fbooks.rakuten.co.jp%2Fsearch%3Fg%3D000%26sitem%3DT.M.Revolution%2BCLOUD%2BNINE"" rel=""nofollow"" referrerpolicy=""no-referrer-when-downgrade"" attributionsrc>CLOUD NINE【初回生産限定盤/type-A】</a><img src=""//i.moshimo.com/af/i/impression?a_id=5073190&p_id=56&pc_id=56&pl_id=637"" width=""1"" height=""1"" style=""border:none;"" alt="""" loading=""lazy"">"
https://books.rakuten.co.jp/search?g=000&sitem=T.M.Revolution+T.M.R.+LIVE+REVOLUTION+12+15th+Anniversary+FINAL,T.M.R. LIVE REVOLUTION '12 -15th Anniversary FINAL-,"<a href=""//af.moshimo.com/af/c/click?a_id=5073190&p_id=56&pc_id=56&pl_id=637&url=https%3A%2F%2Fbooks.rakuten.co.jp%2Fsearch%3Fg%3D000%26sitem%3DT.M.Revolution%2BT.M.R.%2BLIVE%2BREVOLUTION%2B12%2B15th%2BAnniversary%2BFINAL"" rel=""nofollow"" referrerpolicy=""no-referrer-when-downgrade"" attributionsrc>T.M.R. LIVE REVOLUTION &#39;12 -15th Anniversary FINAL-</a><img src=""//i.moshimo.com/af/i/impression?a_id=5073190&p_id=56&pc_id=56&pl_id=637"" width=""1"" height=""1"" style=""border:none;"" alt="""" loading=""lazy"">"
https://books.rakuten.co.jp/search?g=000&sitem=T.M.Revolution+T.M.R.+LIVE+REVOLUTION+13+UNDER+II+COVER,T.M.R. LIVE REVOLUTION'13 -UNDER II COVER-,"<a href=""//af.moshimo.com/af/c/click?a_id=5073190&p_id=56&pc_id=56&pl_id=637&url=https%3A%2F%2Fbooks.rakuten.co.jp%2Fsearch%3Fg%3D000%26sitem%3DT.M.Revolution%2BT.M.R.%2BLIVE%2BREVOLUTION%2B13%2BUNDER%2BII%2BCOVER"" rel=""nofollow"" referrerpolicy=""no-referrer-when-downgrade"" attributionsrc>T.M.R. LIVE REVOLUTION&#39;13 -UNDER II COVER-</a><img src=""//i.moshimo.com/af/i/impression?a_id=5073190&p_id=56&pc_id=56&pl_id=637"" width=""1"" height=""1"" style=""border:none;"" alt="""" loading=""lazy"">"
https://books.rakuten.co.jp/search?g=000&sitem=T.M.Revolution+T.M.R.+LIVE+REVOLUTION+14,T.M.R. LIVE REVOLUTION'14 -今まで『今年は単独LIVEはやらねぇ！』的なニュアンスの話をしてたけど、何か急にFC限定でもLIVEやりたくなっちゃって…違う！違う！そうぢゃ…そうぢゃない！『平日の夜でも、どうせ呼べば来るんだろ？』みたいな、“都合のいいオンナ”的な扱いなわけじゃないよ！ただ、今夜はどうしてもお前が抱きたくなっただけ…'14-,"<a href=""//af.moshimo.com/af/c/click?a_id=5073190&p_id=56&pc_id=56&pl_id=637&url=https%3A%2F%2Fbooks.rakuten.co.jp%2Fsearch%3Fg%3D000%26sitem%3DT.M.Revolution%2BT.M.R.%2BLIVE%2BREVOLUTION%2B14"" rel=""nofollow"" referrerpolicy=""no-referrer-when-downgrade"" attributionsrc>T.M.R. LIVE REVOLUTION&#39;14 -今まで『今年は単独LIVEはやらねぇ！』的なニュアンスの話をしてたけど、何か急にFC限定でもLIVEやりたくなっちゃって…違う！違う！そうぢゃ…そうぢゃない！『平日の夜でも、どうせ呼べば来るんだろ？』みたいな、“都合のいいオンナ”的な扱いなわけじゃないよ！ただ、今夜はどうしてもお前が抱きたくなっただけ…&#39;14-</a><img src=""//i.moshimo.com/af/i/impression?a_id=5073190&p_id=56&pc_id=56&pl_id=637"" width=""1"" height=""1"" style=""border:none;"" alt="""" loading=""lazy"">"
https://books.rakuten.co.jp/search?g=000&sitem=T.M.Revolution+DOUBLE-DEAL+%E5%AE%8C%E5%85%A8%E7%94%9F%E7%94%A3%E9%99%90%E5%AE%9A%E7%9B%A4A,DOUBLE-DEAL完全生産限定盤A,"<a href=""//af.moshimo.com/af/c/click?a_id=5073190&p_id=56&pc_id=56&pl_id=637&url=https%3A%2F%2Fbooks.rakuten.co.jp%2Fsearch%3Fg%3D000%26sitem%3DT.M.Revolution%2BDOUBLE-DEAL%2B%25E5%25AE%258C%25E5%2585%25A8%25E7%2594%259F%25E7%2594%25A3%25E9%2599%2590%25E5%25AE%259A%25E7%259B%25A4A"" rel=""nofollow"" referrerpolicy=""no-referrer-when-downgrade"" attributionsrc>DOUBLE-DEAL完全生産限定盤A</a><img src=""//i.moshimo.com/af/i/impression?a_id=5073190&p_id=56&pc_id=56&pl_id=637"" width=""1"" height=""1"" style=""border:none;"" alt="""" loading=""lazy"">"
https://books.rakuten.co.jp/search?g=000&sitem=T.M.Revolution+T.M.R.+LIVE+REVOLUTION+15+Strikes+Back,T.M.R. LIVE REVOLUTION '15 -Strikes Back XI-,"<a href=""//af.moshimo.com/af/c/click?a_id=5073190&p_id=56&pc_id=56&pl_id=637&url=https%3A%2F%2Fbooks.rakuten.co.jp%2Fsearch%3Fg%3D000%26sitem%3DT.M.Revolution%2BT.M.R.%2BLIVE%2BREVOLUTION%2B15%2BStrikes%2BBack"" rel=""nofollow"" referrerpolicy=""no-referrer-when-downgrade"" attributionsrc>T.M.R. LIVE REVOLUTION &#39;15 -Strikes Back XI-</a><img src=""//i.moshimo.com/af/i/impression?a_id=5073190&p_id=56&pc_id=56&pl_id=637"" width=""1"" height=""1"" style=""border:none;"" alt="""" loading=""lazy"">"
https://books.rakuten.co.jp/search?g=000&sitem=T.M.Revolution+T.M.R.+LIVE+REVOLUTION+16+17+Route+20,T.M.R. LIVE REVOLUTION'16-'17 -Route 20- LIVE AT NIPPON BUDOKAN,"<a href=""//af.moshimo.com/af/c/click?a_id=5073190&p_id=56&pc_id=56&pl_id=637&url=https%3A%2F%2Fbooks.rakuten.co.jp%2Fsearch%3Fg%3D000%26sitem%3DT.M.Revolution%2BT.M.R.%2BLIVE%2BREVOLUTION%2B16%2B17%2BRoute%2B20"" rel=""nofollow"" referrerpolicy=""no-referrer-when-downgrade"" attributionsrc>T.M.R. LIVE REVOLUTION&#39;16-&#39;17 -Route 20- LIVE AT NIPPON BUDOKAN</a><img src=""//i.moshimo.com/af/i/impression?a_id=5073190&p_id=56&pc_id=56&pl_id=637"" width=""1"" height=""1"" style=""border:none;"" alt="""" loading=""lazy"">"
https://books.rakuten.co.jp/search?g=000&sitem=T.M.Revolution+T.M.R.+LIVE+REVOLUTION+17+ROUND+HOUSE+CUTBACK,T.M.R. LIVE REVOLUTION'17 -ROUND HOUSE CUTBACK-,"<a href=""//af.moshimo.com/af/c/click?a_id=5073190&p_id=56&pc_id=56&pl_id=637&url=https%3A%2F%2Fbooks.rakuten.co.jp%2Fsearch%3Fg%3D000%26sitem%3DT.M.Revolution%2BT.M.R.%2BLIVE%2BREVOLUTION%2B17%2BROUND%2BHOUSE%2BCUTBACK"" rel=""nofollow"" referrerpolicy=""no-referrer-when-downgrade"" attributionsrc>T.M.R. LIVE REVOLUTION&#39;17 -ROUND HOUSE CUTBACK-</a><img src=""//i.moshimo.com/af/i/impression?a_id=5073190&p_id=56&pc_id=56&pl_id=637"" width=""1"" height=""1"" style=""border:none;"" alt="""" loading=""lazy"">"
https://books.rakuten.co.jp/search?g=000&sitem=T.M.Revolution+T.M.R.+LIVE+REVOLUTION+17+20th+Anniversary+FINAL,T.M.R. LIVE REVOLUTION '17 -20th Anniversary FINAL at Saitama Super Arena-,"<a href=""//af.moshimo.com/af/c/click?a_id=5073190&p_id=56&pc_id=56&pl_id=637&url=https%3A%2F%2Fbooks.rakuten.co.jp%2Fsearch%3Fg%3D000%26sitem%3DT.M.Revolution%2BT.M.R.%2BLIVE%2BREVOLUTION%2B17%2B20th%2BAnniversary%2BFINAL"" rel=""nofollow"" referrerpolicy=""no-referrer-when-downgrade"" attributionsrc>T.M.R. LIVE REVOLUTION &#39;17 -20th Anniversary FINAL at Saitama Super Arena-</a><img src=""//i.moshimo.com/af/i/impression?a_id=5073190&p_id=56&pc_id=56&pl_id=637"" width=""1"" height=""1"" style=""border:none;"" alt="""" loading=""lazy"">"
https://books.rakuten.co.jp/search?g=000&sitem=T.M.Revolution+T.M.R.+LIVE+REVOLUTION+22+23+VOTE+JAPAN,T.M.R. LIVE REVOLUTION'22-'23 -VOTE JAPAN-,"<a href=""//af.moshimo.com/af/c/click?a_id=5073190&p_id=56&pc_id=56&pl_id=637&url=https%3A%2F%2Fbooks.rakuten.co.jp%2Fsearch%3Fg%3D000%26sitem%3DT.M.Revolution%2BT.M.R.%2BLIVE%2BREVOLUTION%2B22%2B23%2BVOTE%2BJAPAN"" rel=""nofollow"" referrerpolicy=""no-referrer-when-downgrade"" attributionsrc>T.M.R. LIVE REVOLUTION&#39;22-&#39;23 -VOTE JAPAN-</a><img src=""//i.moshimo.com/af/i/impression?a_id=5073190&p_id=56&pc_id=56&pl_id=637"" width=""1"" height=""1"" style=""border:none;"" alt="""" loading=""lazy"">"
